{
  "products": [
    {
      "src": "images/led lights.webp",
      "productName": "Led Light",
      "price": "$25.00",
      "text": "Introducing our cutting-edge LED light technology! Illuminate your world with energy-efficient brilliance. Our LED lights are designed to brighten your space while conserving energy and lasting longer than traditional lighting. Say goodbye to frequent bulb changes and high electricity bills. Make the switch to LED and light up your life with efficiency and style. Upgrade to the future of lighting today!"
    },
    {
      "src": "images/plants.jpg",
      "productName": "Decoration plants",
      "price": "$15.00 - $70.00",
      "text": "Transform your living space with the vibrant allure of nature! Our stunning collection of lush green plants brings life and energy into your home. From the elegant peace lily to the charming snake plant, our indoor plants are the perfect companions for any room. They not only purify the air but also add a touch of botanical beauty to your decor. Elevate your surroundings with these living works of art and bask in the soothing ambiance they provide. Discover the joy of nurturing your own indoor oasis with our exquisite plant selection."
    },
    {
      "src": "images/brass wall art.jpg",
      "productName": "Brass art",
      "price": "$90.00",
      "text": "Enhance the elegance of your living space with our exquisite brass wall art collection. Crafted with precision and artistry, these stunning brass decorations effortlessly blend timeless charm with contemporary style. Whether you're looking to add a touch of sophistication to your home or searching for the perfect gift, our brass wall art pieces exude warmth and character, making them the ideal choice for any interior. Elevate your decor and embrace the beauty of brass - explore our diverse range today and adorn your walls with pieces that speak volumes about your unique taste and aesthetic."
    },
    {
      "src": "images/Tapestry.webp",
      "productName": "Tapestry",
      "price": "$150.00",
      "text": "Transform your living space into a work of art with our exquisite tapestries. Crafted with meticulous detail and designed to captivate your senses, these tapestries are more than just decorative pieces - they're windows to a world of imagination and beauty. Whether you're seeking to add a touch of timeless elegance, express your unique style, or bring life to your walls, our tapestries offer endless possibilities. From intricate patterns to breathtaking landscapes, each tapestry tells a story that resonates with your soul. Elevate your decor and infuse your home with character and charm. Browse our stunning collection today and let your walls speak volumes."
    },
    {
      "src": "images/vase.jpg",
      "productName": "Vases",
      "price": "$50.00",
      "text": "Elevate your home decor with our exquisite vase collection. Crafted with an artisan's touch and designed to be both functional and a statement piece, our vases are the perfect addition to any room. Whether you're looking to showcase a stunning bouquet of fresh flowers or simply accentuate your interior style, our vases offer the ideal blend of form and function. Choose from a variety of shapes, sizes, and materials, from sleek and modern to timeless and classic designs. Our vases bring a touch of elegance and a dash of personality to your living space. Don't miss the opportunity to transform your home - explore our vase collection today and let your decor flourish."
    },
    {
      "src": "images/table centerpiece.jpg",
      "productName": "Table centerpiece",
      "price": "$30.00",
      "text": "Transform your dining experience with our stunning table centerpieces. Crafted to captivate, these exquisite pieces are the crowning touch to your table setting. Whether you're hosting a special dinner party or simply want to elevate everyday dining, our centerpieces add a touch of elegance and style to any occasion. Choose from a wide array of designs, from rustic and charming to sleek and contemporary. Each centerpiece is thoughtfully designed to complement your table, creating a focal point that's as functional as it is beautiful. Set the mood, spark conversation, and make your dining space an unforgettable one. Explore our collection today and bring a touch of magic to every meal."
    }
  ],
  "products2": [
    {
      "src": "images/cushion.jpg",
      "productName": "Cushion",
      "price": "$10.00",  
      "text": "Experience the perfect blend of comfort and style with our luxurious cushions. Crafted with the utmost attention to detail, these cushions are designed to enhance your relaxation and elevate your decor. Whether you're looking to add a pop of color to your living room, create a cozy nook in your bedroom, or spruce up your outdoor seating, our cushions offer a world of possibilities. Choose from a wide range of sizes, patterns, and textures to suit your personal taste and interior design. Immerse yourself in softness, embrace the soothing textures, and let our cushions transform your space into a haven of comfort and beauty. Explore our collection today and discover the perfect cushions to accentuate your living environment."
    },
    {
      "src": "images/mirror.jpg",
      "productName": "Mirror",
      "price": "$20.00",
      "text": "Reflect your style and elevate your space with our exquisite mirrors. Each mirror is a masterpiece of craftsmanship and design, enhancing the aesthetics of your home while also creating an illusion of spaciousness and light. Whether you're aiming to make a statement in your entryway, enhance your bathroom's functionality, or add a touch of elegance to your bedroom, our mirrors offer a myriad of options. Choose from a diverse selection of shapes and frames, from vintage and ornate to sleek and modern. Experience the transformative power of these reflective masterpieces, which not only serve as functional essentials but also as captivating art pieces. Let your home shine and your decor flourish with our mirrors - explore our collection today and discover the reflection of your personal style."
    },
    {
      "src": "images/rug.webp",
      "productName": "Rug",
      "price": "$10.00",
      "text": "Elevate your living space with the perfect blend of comfort and style. Our luxurious rugs are meticulously crafted to transform your home into a cozy, inviting sanctuary. Whether you're looking to add warmth to your living room, redefine your bedroom's ambiance, or bring character to your dining area, our rugs offer a world of possibilities. Choose from a diverse range of sizes, patterns, and textures, from traditional to contemporary designs. These rugs not only provide a soft underfoot feel but also serve as a work of art for your floors. Embrace the soothing textures, vibrant colors, and quality craftsmanship that our rugs deliver. Make a statement and redefine your interior decor with our rugs - explore our collection today and let your home come alive with beauty and comfort."
    }
  ],

  "products3": [
    {
      "src": "images/mirror1.jpg",
      "productName": "Large Living Room Mirror",
      "price": "$30.00",  
      "text": "Transform your living room into a haven of sophistication and style with the addition of our magnificent, large gold and brass framed mirror. This exquisite piece is not just a reflection of your space; it's a statement of your refined taste and attention to detail. The oversized mirror, framed in elegant gold and brass, creates a focal point that captures the essence of luxury and timeless elegance. Its generous size not only adds depth and dimension to your room but also amplifies the natural light, making your space feel more open and inviting. Whether you're striving for a classic, opulent look or a modern, glamorous ambiance, this mirror effortlessly complements any interior style. Elevate your living room to a new level of grandeur and sophistication - explore the possibilities with our large gold and brass framed mirror today."
    },
    {
      "src": "images/mirror.jpg",
      "productName": "Mirror",
      "price": "$20.00",
      "text": "Reflect your style and elevate your space with our exquisite mirrors. Each mirror is a masterpiece of craftsmanship and design, enhancing the aesthetics of your home while also creating an illusion of spaciousness and light. Whether you're aiming to make a statement in your entryway, enhance your bathroom's functionality, or add a touch of elegance to your bedroom, our mirrors offer a myriad of options. Choose from a diverse selection of shapes and frames, from vintage and ornate to sleek and modern. Experience the transformative power of these reflective masterpieces, which not only serve as functional essentials but also as captivating art pieces. Let your home shine and your decor flourish with our mirrors - explore our collection today and discover the reflection of your personal style."
    },
    {
      "src": "images/mirror2.jpg",
      "productName": "Brown Love mirror",
      "price": "$30.00",
      "text": "Enhance the aesthetic appeal of your living spaces with our captivating love-shaped mirror. This unique and beautifully crafted mirror adds a touch of romance and artistry to any room. Its heart shape symbolizes affection and warmth, making it the perfect addition to bedrooms, living rooms, or even entryways. The mirror not only reflects your image but also reflects your passion for exquisite design. Elevate the ambiance of your space and infuse it with love and style by incorporating this one-of-a-kind love-shaped mirror into your decor. Embrace the power of love and aesthetics in your home - discover the magic with our love-shaped mirror today."
    }
  ]

}
